{"cameraMode":{"drawMode":0,"name":"Shaded","section":"Shading Mode"},"sceneLighting":false,"audioPlay":false,"sceneViewState":{"m_AlwaysRefresh":false,"showFog":true,"showSkybox":false,"showFlares":true,"showImageEffects":true,"showParticleSystems":true,"showVisualEffectGraphs":true,"m_FxEnabled":true},"in2DMode":false,"pivot":{"x":-0.000001430511474609375,"y":6.139926910400391,"z":-0.000003337860107421875},"rotation":{"x":-0.05670531094074249,"y":0.8618608117103577,"z":-0.09846639633178711,"w":-0.49538135528564455},"size":24.23800277709961,"orthographic":false}