{"cameraMode":{"drawMode":0,"name":"Shaded","section":"Shading Mode"},"sceneLighting":false,"audioPlay":false,"sceneViewState":{"m_AlwaysRefresh":false,"showFog":true,"showSkybox":false,"showFlares":true,"showImageEffects":true,"showParticleSystems":true,"showVisualEffectGraphs":true,"m_FxEnabled":true},"in2DMode":false,"pivot":{"x":-0.000001430511474609375,"y":6.139926910400391,"z":-0.0000019073486328125},"rotation":{"x":0.12672936916351319,"y":0.6906614899635315,"z":-0.1249314546585083,"w":0.7017229795455933},"size":24.23800277709961,"orthographic":false}