{"cameraMode":{"drawMode":0,"name":"Shaded","section":"Shading Mode"},"sceneLighting":false,"audioPlay":false,"sceneViewState":{"m_AlwaysRefresh":false,"showFog":true,"showSkybox":false,"showFlares":true,"showImageEffects":true,"showParticleSystems":true,"showVisualEffectGraphs":true,"m_FxEnabled":true},"in2DMode":false,"pivot":{"x":-15.476338386535645,"y":-0.40772831439971926,"z":-18.870182037353517},"rotation":{"x":-0.1157216876745224,"y":0.8847989439964294,"z":-0.30268511176109316,"w":-0.33658701181411745},"size":24.238004684448243,"orthographic":false}