{"cameraMode":{"drawMode":0,"name":"Shaded","section":"Shading Mode"},"sceneLighting":true,"audioPlay":false,"sceneViewState":{"m_AlwaysRefresh":false,"showFog":true,"showSkybox":true,"showFlares":true,"showImageEffects":true,"showParticleSystems":true,"showVisualEffectGraphs":true,"m_FxEnabled":true},"in2DMode":false,"pivot":{"x":1.5186034440994263,"y":2.3854851722717287,"z":3.939168691635132},"rotation":{"x":-0.052316803485155109,"y":-0.9479604959487915,"z":0.22778378427028657,"w":-0.2178647220134735},"size":12.60503101348877,"orthographic":false}